time,open,close,high,low,volume
7/2/2019 8:00,10574.75,10838.5,10918,9663.75,49443224
7/3/2019 8:00,10838.5,11965,12014,10833.75,135816560
7/4/2019 8:00,11968,11138.25,12046.5,11042.75,260670304
7/5/2019 8:00,11138.25,11011.25,11426.5,10767.25,161299184
7/6/2019 8:00,11008.5,11245,11726.75,10989.5,19849774
7/7/2019 8:00,11243.25,11472,11625.5,11094.25,47538068
7/8/2019 8:00,11472,12287.75,12395.75,11337.75,162745168
7/9/2019 8:00,12287.75,12576.25,12832.25,12078.5,139057568
7/10/2019 8:00,12579,12087.5,13199.75,11577,92410360
7/11/2019 8:00,12089.75,11353,12091,11000,97868296
7/12/2019 8:00,11349.75,11807.75,11940.75,11105.75,39567500
7/13/2019 8:00,11807.75,11371.75,11841.5,10813,15416123
7/14/2019 8:00,11371.75,10190.5,11481.75,10100,24375724
7/15/2019 8:00,10190.5,10858.75,11083.75,9877,57986756
7/16/2019 8:00,10855.25,9422.75,11047,9366,241358352
7/17/2019 8:00,9424.75,9710.5,9999.25,9071.5,174221232
7/18/2019 8:00,9697.25,10652.5,10805.25,9274.75,143764112
7/19/2019 8:00,10660.75,10527.75,10784.75,10108.5,139764656
7/20/2019 8:00,10527.25,10765.75,11108.75,10378,117203192
7/21/2019 8:00,10765.75,10588.75,10834,10322,74002920
7/22/2019 8:00,10588.75,10321.5,10688.25,10059,68698152
7/23/2019 8:00,10321.5,9835.25,10323.25,9776.5,98369568
7/24/2019 8:00,9835.25,9770,9915.75,9517.75,77709112
7/25/2019 8:00,9770,9880.75,10185.25,9735,50962368
7/26/2019 8:00,9880.75,9839,10228.22168,9654.25,14230075
7/27/2019 8:00,9839,9463.5,10248.25,9288,24278170
7/28/2019 8:00,9460.25,9531.5,9640.75,9091,42177636
7/29/2019 8:00,9531.5,9501.75,9715.5,9374.5,49074908
7/30/2019 8:00,9495.75,9589.25,9749,9388.5,36257260
7/31/2019 8:00,9589.25,10095.25,10126.75,9572,184496464
8/1/2019 8:00,10095.25,10407.25,10499,9892,174729520
8/2/2019 8:00,10407.25,10531.75,10667.25,10333.75,83521368
8/3/2019 8:00,10531.75,10826.5,10924.5,10515.5,42516392
8/4/2019 8:00,10826.5,10982.75,11084.25,10590.75,157729456
8/5/2019 8:00,10982.75,11822.5,11980.25,10982,279041184
8/6/2019 8:00,11822.5,11472.5,12326.5,11213,116281392
8/7/2019 8:00,11477,11976.5,12170,11200,103466120
8/8/2019 8:00,11976.5,11994.25,12081.75,11434.75,153252464
8/9/2019 8:00,11994.25,11866.25,12073.5,11626.25,42585704
8/10/2019 8:00,11866.5,11279,12001.75,11198.5,72363416
8/11/2019 8:00,11279.5,11550.5,11588.5,11100.5,311312608
8/12/2019 8:00,11549.25,11391.5,11564.25,11222.25,327752160
8/13/2019 8:00,11391.25,10865.25,11451.5,10760,215663248
8/14/2019 8:00,10866,10025.5,10866.75,9904.25,91912592
8/15/2019 8:00,10025.5,10294,10443.25,9482.5,98085096
8/16/2019 8:00,10292.75,10354.5,10538.75,9745,173173408
8/17/2019 8:00,10354.5,10216.75,10473.25,9988.25,84929536
8/18/2019 8:00,10216.75,10321,10516.25,10072,40496568
8/19/2019 8:00,10321,10930.75,10945.5,10272.75,104025944
8/20/2019 8:00,10930.5,10772.75,10962.75,10569.75,77235392
8/21/2019 8:00,10771.75,10131.5,10811.5,9852.75,204439808
8/22/2019 8:00,10130.5,10114,10236.25,9756.75,85285304
8/23/2019 8:00,10113,10412.5,10462.75,10041.5,157100704
8/24/2019 8:00,10411.5,10150.75,10436.5,9888,30413180
8/25/2019 8:00,10150.75,10141.25,10363.5,9909,173245872
8/26/2019 8:00,10146.75,10371.5,10659.75,10143.5,159945168
8/27/2019 8:00,10371.5,10178.5,10386,10032.75,148296192
8/28/2019 8:00,10178.5,9721.75,10295.5,9563.5,94132152
8/29/2019 8:00,9721.75,9497.5,9721.75,9324.5,29429158
8/30/2019 8:00,9494,9581.25,9702.75,9353,23529318
8/31/2019 8:00,9581.25,9603.25,9699,9438.5,16317853
9/1/2019 8:00,9603.25,9770.75,9844.75,9541.5,34896856
9/2/2019 8:00,9770.75,10386.5,10490,9757.25,82685408
9/3/2019 8:00,10386.5,10637.75,10783.75,10293.75,101124704
9/4/2019 8:00,10638.75,10588.25,10847,10387,126256160
9/5/2019 8:00,10588.25,10582.25,10668.75,10468.25,35057116
9/6/2019 8:00,10582.25,10310.25,10966,10200.25,258924208
9/7/2019 8:00,10311.75,10492.25,10584.5,10310.25,61262276
9/8/2019 8:00,10492.25,10406.25,10607,10242.5,54578536
9/9/2019 8:00,10409.5,10320.75,10543,10069.25,62582264
9/10/2019 8:00,10320.75,10104,10400.75,9932,64402020
9/11/2019 8:00,10104.5,10165.5,10306,9862,83528984
9/12/2019 8:00,10165.5,10433.75,10473.25,10039.75,135353808
9/13/2019 8:00,10433.75,10373.25,10462,10171,87951344
9/14/2019 8:00,10373.25,10364.5,10449.5,10226.75,37194116
9/15/2019 8:00,10365.75,10311,10387.75,10261.25,55056364
9/16/2019 8:00,10311,10269.5,10383.75,10085.75,87999040
9/17/2019 8:00,10271.25,10195.75,10291,10143.5,107766128
9/18/2019 8:00,10195.75,10166,10265,10100,44201416
9/19/2019 8:00,10166.25,10280.25,10399,9612,121661920
9/20/2019 8:00,10281,10172,10321.5,10069.75,40113644
9/21/2019 8:00,10171,9982,10176,9921.25,35293720
9/22/2019 8:00,9982,10033,10097.75,9852,36272804
9/23/2019 8:00,10035,9695.75,10058.25,9610,70854032
9/24/2019 8:00,9695.5,8524.75,9808.5,7882.5,284061024
9/25/2019 8:00,8522.75,8438,8749.5,8226,197230032
9/26/2019 8:00,8436.75,8067.25,8471.25,7722.5,823238976
9/27/2019 8:00,8067.75,8194.5,8275.5,7857.25,258651008
9/28/2019 8:00,8194,8212,8353,8012,165014736
9/29/2019 8:00,8212.75,8054.25,8241.75,7897.5,228247312
9/30/2019 8:00,8054.25,8307.75,8350,7700.75,343361568
10/1/2019 8:00,8312.5,8319.25,8528,8199.75,195423936
10/2/2019 8:00,8318,8375.5,8390,8171.5,100461112
10/3/2019 8:00,8376.25,8246.25,8415,8072.75,109583560
10/4/2019 8:00,8246.25,8156.75,8250.5,8003,111286576
10/5/2019 8:00,8156.25,8148,8201.25,8024.75,65635236
10/6/2019 8:00,8148,7861.25,8172.25,7778,140189312
10/7/2019 8:00,7861.25,8203.5,8309.25,7768,113194160
10/8/2019 8:00,8204,8177.75,8337.75,8105.75,71759176
10/9/2019 8:00,8178,8587.25,8704,8116.5,117627336
10/10/2019 8:00,8587.25,8589,8663.25,8452,58655884
10/11/2019 8:00,8589,8274.5,8819.75,8224.5,115884024
10/12/2019 8:00,8274.5,8314.5,8423,8263.5,42210272
10/13/2019 8:00,8314.75,8287.75,8471.25,8150,56946460
10/14/2019 8:00,8288,8363.75,8406.75,8217.25,45769104
10/15/2019 8:00,8363,8165.5,8427.75,8080,67493608
10/16/2019 8:00,8165.25,7995.5,8181.75,7911.75,52890928
10/17/2019 8:00,7995.5,8072.75,8131.75,7936.75,34795356
10/18/2019 8:00,8072.75,7954,8119.75,7802.75,59864840
10/19/2019 8:00,7954,7962,8118.25,7875,49042356
10/20/2019 8:00,7963.25,8237.75,8320,7867.75,70280008
10/21/2019 8:00,8238,8213.75,8354.75,8161,42779128
10/22/2019 8:00,8208.75,8023.75,8317.75,8000,43257948
10/23/2019 8:00,8021.5,7472.5,8050,7285.25,79381576
10/24/2019 8:00,7472,7422.75,7505.5,7352,30269430
10/25/2019 8:00,7422.75,8668.75,8724.5,7384,148093888
10/26/2019 8:00,8670,9263.75,9928.5,8648.5,296310848
10/27/2019 8:00,9264,9562.25,9837.75,9111,166220304
10/28/2019 8:00,9563.5,9223.25,9964.5,9195,157617824
10/29/2019 8:00,9231.5,9442.5,9579.5,9085.25,154998896
10/30/2019 8:00,9442.5,9171.75,9442.75,8983.5,127499016
10/31/2019 8:00,9171.25,9159.75,9449.5,8888,179206864
11/1/2019 8:00,9160,9257.75,9315.25,9056,128473256
11/2/2019 8:00,9257.25,9312.25,9405.5,9213.5,48251908
11/3/2019 8:00,9312.25,9206.75,9399,9066.75,46834748
11/4/2019 8:00,9207.25,9424.25,9642.25,9133.5,118243000
11/5/2019 8:00,9425.25,9327.25,9494.5,9160.75,159440448
11/6/2019 8:00,9322.5,9345.5,9465.5,9248.75,158929232
11/7/2019 8:00,9346.5,9211.5,9384.75,9081,318946176
11/8/2019 8:00,9212.5,8771.5,9257.25,8653.25,320933184
11/9/2019 8:00,8772,8808.75,8880,8705.75,93379160
11/10/2019 8:00,8808.75,9040,9277.25,8753.5,158312560
11/11/2019 8:00,9040,8721.25,9076.25,8585.75,90409920
11/12/2019 8:00,8721.25,8819.25,8878,8551.75,85848648
11/13/2019 8:00,8822.5,8765.25,8858,8708.75,94448072
11/14/2019 8:00,8765.25,8630.5,8796,8557,201266176
11/15/2019 8:00,8628,8456,8805.25,8376.5,217172128
11/16/2019 8:00,8457.5,8488.25,8540,8419.25,34773180
11/17/2019 8:00,8489.5,8505.25,8639,8372.75,105083000
11/18/2019 8:00,8505.25,8170.75,8505.25,8012,166692992
11/19/2019 8:00,8170.75,8121,8200.25,7983.75,220707744
11/20/2019 8:00,8121,8082.25,8220,8028.5,45037576
11/21/2019 8:00,8082.25,7618,8121.75,7378.25,284570816
11/22/2019 8:00,7618,7276.5,7746.5,6766.5,454527104
11/23/2019 8:00,7276.5,7323,7350,7098.25,143888576
11/24/2019 8:00,7324.5,6899.25,7347.25,6862.25,194862912
11/25/2019 8:00,6901.25,7119.25,7372.75,6520,427980224
11/26/2019 8:00,7120,7159.75,7335.25,7013.75,185427552
11/27/2019 8:00,7159.75,7521,7669.75,6841,467528544
11/28/2019 8:00,7519.75,7424.25,7655.5,7367.25,253241344
11/29/2019 8:00,7424.25,7750.5,7872.25,7409.5,354301728
11/30/2019 8:00,7750.5,7547.75,7812.5,7448,131309512
12/1/2019 8:00,7547.25,7395.5,7547.25,7230,323644640
12/2/2019 8:00,7396.25,7299,7425,7141,258020528
12/3/2019 8:00,7297.75,7296.25,7412.25,7235.5,101654152
12/4/2019 8:00,7296.25,7187.25,7831,7073.5,215576048
12/5/2019 8:00,7191.5,7393.75,7483.5,7146,334460960
12/6/2019 8:00,7393.25,7540,7606,7300,147657136
12/7/2019 8:00,7539.5,7496.25,7635.25,7480,68364064
12/8/2019 8:00,7495.5,7515.25,7574.25,7381,61080088
12/9/2019 8:00,7515.75,7331,7655,7276.5,130565072
12/10/2019 8:00,7330.5,7218,7394.25,7154.25,100241448
12/11/2019 8:00,7217.5,7201.25,7268.25,7117.75,70712792
12/12/2019 8:00,7203,7188.25,7311.75,7070.25,195528080
12/13/2019 8:00,7188.25,7250,7297,7184,94991568
12/14/2019 8:00,7250,7059,7265.5,7003.25,86861848
12/15/2019 8:00,7060.25,7111.5,7207,7007,98384328
12/16/2019 8:00,7110.75,6875.75,7134.75,6816.75,190597744
12/17/2019 8:00,6876.25,6610.5,6932.75,6545,183674496
12/18/2019 8:00,6612.25,7288.5,7482,6424.75,459756544
12/19/2019 8:00,7294.75,7147,7372.75,7045.5,174402976
12/20/2019 8:00,7147.25,7187,7220.5,7076.5,86430016
12/21/2019 8:00,7187,7140.75,7187.75,7108,36469940
12/22/2019 8:00,7141,7511.75,7521,7125,169866288
12/23/2019 8:00,7514,7314.25,7696.5,7264.75,283795616
12/24/2019 8:00,7314.25,7255.5,7431,7160,146419824
12/25/2019 8:00,7255,7193.75,7263.5,7113.25,82097768
12/26/2019 8:00,7195.25,7194.25,7437.5,7145,125420888
12/27/2019 8:00,7192.75,7243.25,7256.75,7062.75,101404848
12/28/2019 8:00,7246,7298.75,7349.75,7233.75,78645232
12/29/2019 8:00,7298.75,7384.75,7526,7273,172843840
12/30/2019 8:00,7381.75,7219.75,7388,7201.25,101545904
12/31/2019 8:00,7219.75,7170,7309.5,7116,80357080
1/1/2020 8:00,7170.25,7179.5,7237.5,7152.5,42575292
1/2/2020 8:00,7179.5,6945.75,7185,6904.5,158923296
1/3/2020 8:00,6946.75,7334.5,7404,6854.25,295792224
1/4/2020 8:00,7344.25,7350.25,7403.75,7265,136452480
1/5/2020 8:00,7350.25,7352.5,7499.5,7308.25,144730032
1/6/2020 8:00,7352.5,7759.75,7812.5,7343.25,218306768
1/7/2020 8:00,7761.25,8158.5,8218.5,7732.75,486263392
1/8/2020 8:00,8160.5,8049,8471.75,7875.75,547423296
1/9/2020 8:00,8050.75,7815.25,8052.25,7748.5,353530304
1/10/2020 8:00,7815,8197.5,8208.75,7670.5,518179904
1/11/2020 8:00,8204.25,8026.75,8293,8001.5,289419808
1/12/2020 8:00,8021.25,8185.5,8199,7962,241420368
1/13/2020 8:00,8183,8111.25,8199,8043,130344664
1/14/2020 8:00,8113.5,8829.75,8913,8107,738664256
1/15/2020 8:00,8814,8824.5,8918.75,8570.5,390746720
1/16/2020 8:00,8822.5,8721.25,8862.75,8587.75,220423904
1/17/2020 8:00,8725,8907.25,9032,8673.25,300704192
1/18/2020 8:00,8907.25,8916.5,8990.25,8808,183148864
1/19/2020 8:00,8909.75,8702.75,9198.25,8470.25,337192096
1/20/2020 8:00,8702.75,8636.75,8744.5,8513.5,172450576
1/21/2020 8:00,8638.5,8731.5,8783.75,8482.75,126600352
1/22/2020 8:00,8732.75,8667.25,8809.75,8568.5,83003504
1/23/2020 8:00,8668,8393.25,8675.25,8286.75,197627024
1/24/2020 8:00,8393.25,8430,8518.5,8228,211380128
1/25/2020 8:00,8430,8324.5,8435.25,8256,113849880
1/26/2020 8:00,8325.75,8598.75,8603.25,8278.5,178414032
1/27/2020 8:00,8601.25,8895.5,8995.25,8565,320677952
1/28/2020 8:00,8895.5,9412.75,9430.75,8887,411061760
1/29/2020 8:00,9397.75,9295.75,9472.5,9228,313069024
1/30/2020 8:00,9291.5,9513,9584.5,9196,325949344
1/31/2020 8:00,9513.25,9352.5,9533,9218,223826640
2/1/2020 8:00,9355.75,9388.5,9476.25,9288.25,143407024
2/2/2020 8:00,9390.75,9329.75,9491.75,9121.75,279670240
2/3/2020 8:00,9333.5,9286.25,9634.5,9226,303395680
2/4/2020 8:00,9286.5,9171.5,9356,9085.75,249669120
2/5/2020 8:00,9171.5,9636.5,9830.25,9156,337693824
2/6/2020 8:00,9636.25,9770,9873,9537.75,351577120
2/7/2020 8:00,9770,9823.5,9892,9715.75,214804320
2/8/2020 8:00,9822,9916.75,9968,9665,237413312
2/9/2020 8:00,9916.75,10175.5,10197.25,9900,290096096
2/10/2020 8:00,10175.25,9870.75,10225.5,9771.75,316871392
2/11/2020 8:00,9870.75,10292.5,10419,9731,322428640
2/12/2020 8:00,10289,10369.5,10520,10251.25,292588992
2/13/2020 8:00,10372.5,10256,10578.75,10039,385909888
2/14/2020 8:00,10255.75,10380.25,10630,10119,177422752
2/15/2020 8:00,10377.25,9924,10413,9830,199370272
2/16/2020 8:00,9924,9933.25,10062.75,9641,202086832
2/17/2020 8:00,9928,9715.75,9976.5,9472.5,277480832
2/18/2020 8:00,9721.25,10203.75,10315.5,9615,288552160
2/19/2020 8:00,10199.75,9614,10331,9313,292303392
2/20/2020 8:00,9612.5,9619.75,9715.5,9411,235452048
2/21/2020 8:00,9619.75,9704.25,9791,9581.5,168533792
2/22/2020 8:00,9704.25,9677.5,9733.25,9578.75,82946784
2/23/2020 8:00,9677.5,9971,10040,9670.25,165286432
2/24/2020 8:00,9971,9668.75,10036,9500,274119968
2/25/2020 8:00,9668.75,9323.75,9702.75,9237.5,267440368
2/26/2020 8:00,9321.5,8787,9379,8613,502354848
2/27/2020 8:00,8791.75,8823.25,8974.5,8532,392874880
2/28/2020 8:00,8824,8712.75,8910.25,8440,491064256
2/29/2020 8:00,8710.5,8536.25,8809.75,8531.75,176461184
3/1/2020 8:00,8535.25,8531.25,8773.75,8405,483209248
3/2/2020 8:00,8531,8917.5,8972,8491.5,314128928
3/3/2020 8:00,8922,8766.25,8933.25,8656.5,481656608
3/4/2020 8:00,8765.75,8756.5,8859.75,8667.75,270238240
3/5/2020 8:00,8756.75,9070.75,9175,8756.75,326114240
3/6/2020 8:00,9069.75,9155.75,9187.5,8998.5,143450944
3/7/2020 8:00,9155.75,8902,9225,8859,159599984
3/8/2020 8:00,8901.75,8042.5,8902.75,8002,431992288
3/9/2020 8:00,8044,7940.5,8185.75,7647,683251648
3/10/2020 8:00,7940.5,7893,8157.25,7729.75,517126176
3/11/2020 8:00,7893.5,7939.75,7990.25,7590,673519296
3/12/2020 8:00,7939.75,4767.25,7969.5,4548.75,1568914944
3/13/2020 8:00,4763.75,5601.5,5994.25,3759.25,1752915200
3/14/2020 8:00,5603.75,5156.25,5650.75,5039,977934720
3/15/2020 8:00,5159,5345.5,6001,5064.5,716200896
3/16/2020 8:00,5344,5024.25,5354.75,4403.25,1659861504
3/17/2020 8:00,5025.25,5320.25,5572,4914,917603584
3/18/2020 8:00,5323.25,5411.25,5457.75,5001.75,622126016
3/19/2020 8:00,5411.25,6176.5,6442,5260.75,809610240
3/20/2020 8:00,6176.5,6211.75,6946,5666,1214293376
3/21/2020 8:00,6214.75,6189.5,6466,5858,733515328
3/22/2020 8:00,6189.5,5817,6417,5734.5,380857120
3/23/2020 8:00,5818.25,6485.75,6659,5661,670730816
3/24/2020 8:00,6485.5,6758.75,6863.5,6392.25,523347648
3/25/2020 8:00,6758.75,6690.5,6987,6453.5,397394432
3/26/2020 8:00,6695,6753.75,6802.25,6500.25,197485280
3/27/2020 8:00,6753.75,6369,6875,6251,213252080
3/28/2020 8:00,6369,6244,6369,6021.5,350044992
3/29/2020 8:00,6244,5872.5,6272,5863,177241008
3/30/2020 8:00,5872,6405,6627.5,5850,375294784
3/31/2020 8:00,6406.5,6417.5,6525,6331.5,229852160
4/1/2020 8:00,6417,6674.5,6726.5,6155,290791296
4/2/2020 8:00,6670,6795,7284,6569.5,474003808
4/3/2020 8:00,6795,6740,7055,6610,373618304
4/4/2020 8:00,6739,6867,7024.5,6637.5,269433216
4/5/2020 8:00,6867,6778,6913,6670.5,183560864
4/6/2020 8:00,6779,7339,7380,6769.5,488822464
4/7/2020 8:00,7340,7196.5,7477,7077,423671840
4/8/2020 8:00,7196.5,7369.5,7433,7149,289501440
4/9/2020 8:00,7369.5,7294,7377.5,7100,262524176
4/10/2020 8:00,7293,6872.5,7307.5,6741,379416640
4/11/2020 8:00,6872.5,6887,6957.5,6770.5,163489072
4/12/2020 8:00,6887,6912.5,7200.5,6784,205109760
4/13/2020 8:00,6910,6848.5,6914,6555,319431648
4/14/2020 8:00,6848.5,6875,6987,6763.5,204041488
4/15/2020 8:00,6874,6620,6942.5,6607,172792784
4/16/2020 8:00,6620.5,7112.5,7228.5,6468,475165696
4/17/2020 8:00,7113,7031,7159,6995,227772240
4/18/2020 8:00,7030.5,7256,7307.5,7016.5,173569520
4/19/2020 8:00,7256.5,7129,7274,7064,156818352
4/20/2020 8:00,7129,6833,7223,6749,254357936
4/21/2020 8:00,6831.5,6847,6949.5,6762,273885760
4/22/2020 8:00,6843.5,7133.5,7170,6819.5,248485488
4/23/2020 8:00,7134,7495.5,7802.5,7025.5,396824576
4/24/2020 8:00,7494.5,7509.5,7662.5,7394,200500880
4/25/2020 8:00,7509.5,7543,7728.5,7434,207883248
4/26/2020 8:00,7543,7707.5,7720,7476,254449856
4/27/2020 8:00,7707.5,7785,7823.5,7620.5,313818752
4/28/2020 8:00,7785,7751.5,7793,7662,212796080
4/29/2020 8:00,7750,8790,8981.5,7715,656403584
4/30/2020 8:00,8790,8637,9479.5,8411,944616704
5/1/2020 8:00,8631,8832,9076,8627,395494240
5/2/2020 8:00,8838,8982,9024,8760.5,243820464
5/3/2020 8:00,8982,8907.5,9208,8722.5,389096704
5/4/2020 8:00,8907.5,8887.5,8971,8532,351729760
5/5/2020 8:00,8886.5,9028,9125.5,8786,408854560
5/6/2020 8:00,9029,9147.5,9423.5,8920,583118528
5/7/2020 8:00,9148,10013.5,10099,9033.5,797971648
5/8/2020 8:00,10013.5,9819.5,10059,9734,551985664
5/9/2020 8:00,9815.5,9550.5,9928.5,9528,395438368
5/10/2020 8:00,9551.5,8729,9584,8012,1065830080
5/11/2020 8:00,8727,8565,9161.5,8163.5,850542080
5/12/2020 8:00,8567,8822,8988,8532,437182848
5/13/2020 8:00,8821.5,9320,9416,8800,399670144
5/14/2020 8:00,9320,9798.5,9957.5,9257,697568704
5/15/2020 8:00,9798.5,9316,9872,9111,637472512
5/16/2020 8:00,9317,9381.5,9592.5,9217,295917792
5/17/2020 8:00,9381.5,9678,9900,9323.5,312100192
5/18/2020 8:00,9677.5,9731,9969.5,9388,473218720
5/19/2020 8:00,9731,9783,9907.5,9457.5,489683872
5/20/2020 8:00,9783,9508.5,9847,9283.5,399300256
5/21/2020 8:00,9508.5,9059.5,9574.5,8800,427233632
5/22/2020 8:00,9062.5,9167.5,9266,8924,283167936
5/23/2020 8:00,9167.5,9176,9310,9080,127063000
5/24/2020 8:00,9176,8707.5,9303,8680,286397856
5/25/2020 8:00,8708.5,8894.5,8977.5,8625,300496448
5/26/2020 8:00,8897,8836,9018,8685,265606352
5/27/2020 8:00,8836,9206,9233,8808,267096288
5/28/2020 8:00,9205.5,9585.5,9641.5,9108,309975488
5/29/2020 8:00,9581,9423.5,9625,9321.5,228950784
5/30/2020 8:00,9423.5,9704,9767,9326,260935408
5/31/2020 8:00,9705,9443,9796.5,9370,232535168
6/1/2020 8:00,9438.5,10248,10456,9408.5,350451296
6/2/2020 8:00,10247,9522.5,10275,9254,496763872
6/3/2020 8:00,9522.5,9671.5,9703,9380.5,179191024
6/4/2020 8:00,9671.5,9793.5,9910,9450,279454432
6/5/2020 8:00,9793.5,9616,9865,9583.5,437514080
6/6/2020 8:00,9616,9668.5,9744.5,9531,151374112
6/7/2020 8:00,9668,9758,9826.5,9370,292805152
6/8/2020 8:00,9757.5,9793.5,9838,9641,217237360
6/9/2020 8:00,9795,9783,9899,9548.5,194524144
6/10/2020 8:00,9783,9894,10025.5,9696,211325472
6/11/2020 8:00,9895,9267.5,9988.5,9053,408912320
6/12/2020 8:00,9270.5,9464,9550,9221.5,211423600
6/13/2020 8:00,9464,9472.5,9501,9335,111671472
6/14/2020 8:00,9474,9334.5,9482,9230.5,129331096
6/15/2020 8:00,9334.5,9428,9516.5,8889,424448896
6/16/2020 8:00,9428,9523.5,9598.5,9380.5,218199776
6/17/2020 8:00,9523.5,9459,9570,9230,239249632
6/18/2020 8:00,9459.5,9374.5,9483,9270,117805008
6/19/2020 8:00,9377.5,9299.5,9439,9225.5,181995984
6/20/2020 8:00,9299.5,9358,9399,9158,118023160
6/21/2020 8:00,9358,9288,9427.5,9276,94487680
6/22/2020 8:00,9288,9693.5,9801.5,9266.5,174799216
6/23/2020 8:00,9693.5,9625.5,9736.5,9581,140892032
6/24/2020 8:00,9625.5,9285,9672,9194.5,212931408
6/25/2020 8:00,9285,9240,9339,8984,221573760
6/26/2020 8:00,9240.5,9153.5,9290,9022.5,223874864
6/27/2020 8:00,9154,8999,9189.5,8815,192713632
6/28/2020 8:00,8999.5,9114,9185,8925,105603168
6/29/2020 8:00,9112,9183,9236,9018,127828360
6/30/2020 8:00,9187.5,9136,9200,9050,83031968
7/1/2020 8:00,9135.5,9237.5,9299.5,9081,129424136
7/2/2020 8:00,9237.5,9088,9267.5,8933,189958880
7/3/2020 8:00,9088,9060.5,9125,9037,91440824
7/4/2020 8:00,9057.5,9143.5,9197,9040,73472280
7/5/2020 8:00,9143.5,9077,9158.5,8901,83712896
7/6/2020 8:00,9077,9352,9380,9063,156026960
7/7/2020 8:00,9352,9255.5,9389,9204,95731152
7/8/2020 8:00,9255.5,9442,9483,9236.5,113000496
7/9/2020 8:00,9442,9238,9463.5,9162,111245176
7/10/2020 8:00,9238.5,9291,9319,9117.5,92304864
7/11/2020 8:00,9291,9235,9309.5,9182.5,46324440
7/12/2020 8:00,9235,9306,9362.5,9148.5,83970696
7/13/2020 8:00,9306.5,9239,9360,9196,86478352
7/14/2020 8:00,9239,9256.5,9277,9096,78357432
7/15/2020 8:00,9256.5,9189.5,9276.5,9151,71845024
7/16/2020 8:00,9189.5,9131.5,9219,9036,120304384
7/17/2020 8:00,9132,9152.5,9188,9082,64188412
7/18/2020 8:00,9152.5,9175,9225,9119.5,46865904
7/19/2020 8:00,9175,9219.5,9254.5,9103,56851920
7/20/2020 8:00,9219.5,9164.5,9235.5,9130,57750220
7/21/2020 8:00,9164.5,9398.5,9454,9154,142097360
7/22/2020 8:00,9398.5,9539.5,9585,9280,111966528
7/23/2020 8:00,9539.5,9616.5,9699.5,9449.5,231157680
7/24/2020 8:00,9616,9559,9658.5,9474.5,155768464
7/25/2020 8:00,9559,9719,9760,9546,129259904
7/26/2020 8:00,9719,9946,10272,9669,265989024
7/27/2020 8:00,9946,11064.5,11452.5,9940,857495552
7/28/2020 8:00,11065,10941.5,11280,10600,586720256
7/29/2020 8:00,10941.5,11116.5,11371.5,10860.5,497766304
7/30/2020 8:00,11116,11128,11207,10837.5,307216608
7/31/2020 8:00,11128,11355.5,11472,10977.5,357120992
8/1/2020 8:00,11355.5,11825,11901,11226.5,445496256
8/2/2020 8:00,11830,11076,12160,10650,463033888
8/3/2020 8:00,11076,11234.5,11487,10948,227117488
8/4/2020 8:00,11232,11198.5,11432.5,11023.5,196333232
8/5/2020 8:00,11198.5,11763,11806,11097.5,367933568
8/6/2020 8:00,11763,11772.5,11926,11577,281145504
8/7/2020 8:00,11772.5,11606.5,11927,11308,290110880
8/8/2020 8:00,11607,11779.5,11824,11525,196292224
8/9/2020 8:00,11779.5,11695,11820.5,11530,131257832
8/10/2020 8:00,11695,11906.5,12103.5,11429,376183040
8/11/2020 8:00,11906.5,11391.5,11953,11126,376652512
8/12/2020 8:00,11391.5,11573,11632,11138.5,234865248
8/13/2020 8:00,11573,11807,11824.5,11273.5,224476272
8/14/2020 8:00,11808,11780,11881,11652.5,172291392
8/15/2020 8:00,11779.5,11871,12008,11672,263357920
8/16/2020 8:00,11871,11926,11956,11689.5,215632096
8/17/2020 8:00,11926,12313,12510.5,11631,421996768
8/18/2020 8:00,12315,11969,12415.5,11808,327067232
8/19/2020 8:00,11969,11767,12034,11571,319371712
8/20/2020 8:00,11766,11868,11896.5,11674,132907408
8/21/2020 8:00,11868,11536.5,11890,11488,198025728
8/22/2020 8:00,11536.5,11675,11693.5,11380,124588568
8/23/2020 8:00,11675,11657.5,11725.5,11528,97384304
8/24/2020 8:00,11657.5,11760,11838.5,11594.5,135077952
8/25/2020 8:00,11760,11324,11784,11115,267489568
8/26/2020 8:00,11324,11474,11555.5,11256.5,207185216
8/27/2020 8:00,11474,11338.5,11604,11130,309469984
8/28/2020 8:00,11339.5,11536.5,11557.5,11287,144402480
8/29/2020 8:00,11536,11481.5,11597,11430,108825984
8/30/2020 8:00,11481.5,11724.5,11730,11463,121996488
8/31/2020 8:00,11724.5,11661.5,11795,11579.5,162376640
9/1/2020 8:00,11661.5,11940.5,12084,11529.5,285404416
9/2/2020 8:00,11940.5,11401,11982,11167,426297984
9/3/2020 8:00,11404,10147,11488,9953,597171712
9/4/2020 8:00,10139,10458,10638.5,9862.5,408991072
9/5/2020 8:00,10457.5,10165.5,10578,9821,377187040
9/6/2020 8:00,10166,10255.5,10350,9999,207719328
9/7/2020 8:00,10256,10381,10420.5,9881,299760224
9/8/2020 8:00,10381,10130.5,10447,9838.5,339680352
9/9/2020 8:00,10130.5,10225,10355,9986,196174544
9/10/2020 8:00,10225,10343,10496.5,10225,208397280
9/11/2020 8:00,10342.5,10395.5,10412,10203,144646176
9/12/2020 8:00,10395.5,10442,10482,10277,99148528
9/13/2020 8:00,10442,10328.5,10588,10214.5,175711136
9/14/2020 8:00,10328.5,10675.5,10770,10246,246481440
9/15/2020 8:00,10675.5,10784.5,10933.5,10613.5,341752288
9/16/2020 8:00,10784.5,10955.5,11099,10663,351113632
9/17/2020 8:00,10955.5,10949.5,11054.5,10742.5,257084256
9/18/2020 8:00,10949.5,10937.5,11050.5,10818.5,173489488
9/19/2020 8:00,10937.5,11086,11195,10894.5,164406400
9/20/2020 8:00,11085.5,10919,11089.5,10749.5,201935488
9/21/2020 8:00,10919,10414.5,10991.5,10289.5,366530144
9/22/2020 8:00,10415.5,10530,10580,10359,239375904
9/23/2020 8:00,10530,10236,10539,10135.5,263552992
9/24/2020 8:00,10236.5,10740,10815,10195,364296000
9/25/2020 8:00,10740,10694.5,10766,10559,342080928
9/26/2020 8:00,10694.5,10735.5,10844.5,10654,189459104
9/27/2020 8:00,10735.5,10781.5,10810,10596.5,199863312
9/28/2020 8:00,10781.5,10696.5,10963,10618.5,331913888
9/29/2020 8:00,10695.5,10844,10868,10624.5,210531024
9/30/2020 8:00,10844,10779.5,10857,10661,214140912
10/1/2020 8:00,10779,10616.5,10942.5,10450,370299840
10/2/2020 8:00,10616.5,10573,10663.5,10375,336402688
10/3/2020 8:00,10573,10548,10616,10495,99961048
10/4/2020 8:00,10548.5,10674,10706,10523,113124896
10/5/2020 8:00,10674,10798,10807.5,10620,158518672
10/6/2020 8:00,10799.5,10604,10814.5,10526.5,250838960
10/7/2020 8:00,10604,10674.5,10688,10545,133587336
10/8/2020 8:00,10674.5,10935,10970,10535,252939840
10/9/2020 8:00,10934.5,11063,11132.5,10824.5,242223792
10/10/2020 8:00,11062.5,11305.5,11501.5,11062.5,273009056
10/11/2020 8:00,11305.5,11375,11452,11265,197087872
10/12/2020 8:00,11374.5,11541.5,11742.5,11174.5,330213888
10/13/2020 8:00,11541.5,11428,11571.5,11312,310275040
10/14/2020 8:00,11428.5,11426.5,11562,11295,326598432
10/15/2020 8:00,11426.5,11509.5,11630,11262.5,316620736
10/16/2020 8:00,11510,11326,11549.5,11190,316492192
10/17/2020 8:00,11326.5,11360.5,11419,11258.5,138004096
10/18/2020 8:00,11360.5,11510.5,11525,11346,125031304
10/19/2020 8:00,11510.5,11758,11843,11410,338378304
10/20/2020 8:00,11758,11916.5,12063,11680.5,589006080
10/21/2020 8:00,11916.5,12812,13254.5,11897,1142005888
10/22/2020 8:00,12812,12990.5,13216.5,12705,630668352
10/23/2020 8:00,12993.5,12936,13048.5,12734,467345792
10/24/2020 8:00,12939.5,13128,13191,12882,278866912
10/25/2020 8:00,13127.5,13049,13376,12870,423554976
10/26/2020 8:00,13049,13071,13270.5,12763,617036480
10/27/2020 8:00,13071,13648.5,13799,13059,823456384
10/28/2020 8:00,13648,13273.5,13870.5,12889.5,914923520
10/29/2020 8:00,13271,13470.5,13655,12988,702789760
10/30/2020 8:00,13470.5,13570,13691.5,13122.5,709783296
10/31/2020 8:00,13570,13801.5,14163.5,13423,587384064
11/1/2020 8:00,13802.5,13766.5,13914,13624.5,318735424
11/2/2020 8:00,13766.5,13566.5,13843.5,13210,617507712
11/3/2020 8:00,13568,14044,14088,13290,618598848
11/4/2020 8:00,14044,14165.5,14287,13533,816327424
11/5/2020 8:00,14167.5,15617.5,15788,14116,1356075776
11/6/2020 8:00,15617.5,15613.5,15989.5,15205,1169336960
11/7/2020 8:00,15613.5,14846.5,15788,14382.5,976854592
11/8/2020 8:00,14851.5,15500.5,15691.5,14740.5,558595520
11/9/2020 8:00,15500,15349,15881.5,14831.5,1316108544
11/10/2020 8:00,15349.5,15315.5,15490,15091.5,529972928
11/11/2020 8:00,15315.5,15714.5,16049,15290.5,720849216
11/12/2020 8:00,15714.5,16325.5,16380,15481.5,1165261056
11/13/2020 8:00,16325.5,16348,16504,15980,760272640
11/14/2020 8:00,16348,16085.5,16355,15668.5,487362688
11/15/2020 8:00,16091,15977.5,16185,15800,413875360
11/16/2020 8:00,15977.5,16739.5,16912,15887,794143424
11/17/2020 8:00,16736,17687,17893.5,16560.5,1319930368
11/18/2020 8:00,17684,17788.5,18517,17221,1868103552
11/19/2020 8:00,17790.5,17827,18212,17360,1043211904
11/20/2020 8:00,17827,18681.5,18850,17769.5,1139998592
11/21/2020 8:00,18681,18732.5,18998,18301.5,876328896
11/22/2020 8:00,18732.5,18467.5,18784.5,17660.5,1019661440
11/23/2020 8:00,18465.5,18412.5,18820,18045,1183695744
11/24/2020 8:00,18406,19198.5,19473.5,18085,1266132480
11/25/2020 8:00,19192,18743.5,19577.5,18525,1311439744
11/26/2020 8:00,18741,17170,18940,16200,2943919104
11/27/2020 8:00,17179.5,17165,17479,16459.5,1181569024
11/28/2020 8:00,17167,17740.5,17889,16885,551367424
11/29/2020 8:00,17730.5,18198.5,18360.5,17531,578821248
11/30/2020 8:00,18202.5,19741.5,19964,18199,1629086592
12/1/2020 8:00,19741.5,18798.5,19979.5,18116,1837423232
12/2/2020 8:00,18786.5,19239,19367,18335.5,1158896384
12/3/2020 8:00,19235.5,19460.5,19649.5,18889.5,815783104
12/4/2020 8:00,19460.5,18651.5,19556,18564,797026240
12/5/2020 8:00,18651.5,19166.5,19200,18500,417646080
12/6/2020 8:00,19165,19389,19450,18870,482405952
12/7/2020 8:00,19392.5,19189.5,19458,18884.5,666243520
12/8/2020 8:00,19189,18315,19319,18110,926411520
12/9/2020 8:00,18315,18541.5,18638.5,17610.5,1086230272
12/10/2020 8:00,18541,18253.5,18547,17919,778536512
12/11/2020 8:00,18257,18034.5,18297.5,17555,1022842880
12/12/2020 8:00,18045,18817.5,18980,18033,511747168
12/13/2020 8:00,18812.5,19183,19445.5,18723.5,650416832
12/14/2020 8:00,19180,19288.5,19372.5,19014.5,428120864
12/15/2020 8:00,19288.5,19443,19590,19060,770224384
12/16/2020 8:00,19443,21364,21609.5,19295,1573779712
12/17/2020 8:00,21361,22844,23874.5,21265,2829936640
12/18/2020 8:00,22834.5,23154.5,23327.5,22368.5,1073550656
12/19/2020 8:00,23154.5,23873,24283,22772,1065516288
12/20/2020 8:00,23869.5,23496,24350,23105,1305085312
12/21/2020 8:00,23489.5,22720.5,24161.5,21931.5,1971332864
12/22/2020 8:00,22730,23842,23870,22378,1291649664
12/23/2020 8:00,23841.5,23231,24190,22621,1458394368
12/24/2020 8:00,23237.5,23735.5,23800,22690,867534080
12/25/2020 8:00,23742,24727,24800,23431.5,1038075136
12/26/2020 8:00,24728.5,26480.5,26885,24504,1422681088
12/27/2020 8:00,26492.5,26275,28423,25842.5,2513051904
12/28/2020 8:00,26261.5,27057,27518,26092.5,1308204032
12/29/2020 8:00,27051.5,27389.5,27434.5,25890,1307005568
12/30/2020 8:00,27390,28903.5,29046.5,27369.5,1789490816
12/31/2020 8:00,28904,28961.5,29359,27929.5,2149133056
1/1/2021 8:00,28956,29410.5,29731,28675,1191752704
1/2/2021 8:00,29410.5,32215,33486.5,29028,3612341248
1/3/2021 8:00,32203,33100.5,34888,32004,3372768512
1/4/2021 8:00,33100.5,32051.5,33709.5,27667.5,3885166336
1/5/2021 8:00,32060.5,34082.5,34584,29884,2919797504
1/6/2021 8:00,34106,36883,37107.5,33385.5,3133417728
1/7/2021 8:00,36894.5,39526,40586,36341,3939192576
1/8/2021 8:00,39535,40639,42128,36610.5,5700023808
1/9/2021 8:00,40660,40302,41516,38721,2463618560
1/10/2021 8:00,40289,38232,41551,35039,3853370624
1/11/2021 8:00,38220,35480,38350,30335,7220250112
1/12/2021 8:00,35497,34079,36700,32512,3051035648
1/13/2021 8:00,34057,37426,37899,32383,2506836992
1/14/2021 8:00,37420,39137,40220,36723,2626947072
1/15/2021 8:00,39146,36741,39766,34369,3247954688
1/16/2021 8:00,36765,36016,38015,35321,1763319552
1/17/2021 8:00,36000,35867,36894,33807,1871552256
1/18/2021 8:00,35869,36689,37517,34771,1527005056
1/19/2021 8:00,36750,35885,37936,35851,1777731584
1/20/2021 8:00,35883,35504,36426,33354,1877723264
1/21/2021 8:00,35520,30857,35635,30000,3309557248
1/22/2021 8:00,30831,33006,33833,28815,2642524416
1/23/2021 8:00,32990,32116,33506,31408,1130561408
1/24/2021 8:00,32106,32295,33132,30929,1112068096
1/25/2021 8:00,32303,32282,34902,31867,1812196864
1/26/2021 8:00,32250,32494,32961,30800,1840616960
1/27/2021 8:00,32495,30384,32581,29288,2509409792
1/28/2021 8:00,30411,33467,33843,29861,1854195968
1/29/2021 8:00,33461,34299,38750,32012,4708720128
1/30/2021 8:00,34308,34333,34987,32860,1404797184
1/31/2021 8:00,34323,33148,34400,32215,943890624
2/1/2021 8:00,33140,33556,34791,32344,1548777856
2/2/2021 8:00,33529,35559,36859,33433,1598209152
2/3/2021 8:00,35542,37709,37762,35414,1656961536
2/4/2021 8:00,37739,37036,38879,36182,1963356544
2/5/2021 8:00,37021,38371,38467,36602,1352360320
2/6/2021 8:00,38385,39308,41050,38290,2553999616
2/7/2021 8:00,39302,38898,39811,37380,2071010560
2/8/2021 8:00,38906,46498,47000,38058,4076647936
2/9/2021 8:00,46527,46581,48371,45062,3342509568
2/10/2021 8:00,46561,44903,47492,43716,2858420992
2/11/2021 8:00,44896,48123,48885,44008,3409416192
2/12/2021 8:00,48114,47450,49300,46171,3027613440
2/13/2021 8:00,47458,47246,48320,46231,2191358976
2/14/2021 8:00,47246,48707,49914,46940,2336706816
2/15/2021 8:00,48694,48007,49133,45913,2469818112
2/16/2021 8:00,48025,49211,51000,47122,3274038016
2/17/2021 8:00,49214,52275,52800,48983,3036532736
2/18/2021 8:00,52268,51634,52700,50950,1796763520
2/19/2021 8:00,51668,55981,56500,50759,2862950912
2/20/2021 8:00,55982,55940,57657,54000,2635601152
2/21/2021 8:00,55932,57559,58577,55536,2044084992
2/22/2021 8:00,57555,54169,57667,47616,6350545920
2/23/2021 8:00,54148,48942,54229,44777,7448055296
2/24/2021 8:00,48975,49726,51473,47001,3622472704
2/25/2021 8:00,49716,47099,52178,46538,3421289216
2/26/2021 8:00,47068,46343,48488,44100,4687436288
2/27/2021 8:00,46315,46177,48444,45000,2133280256
2/28/2021 8:00,46163,45244,46687,42553,3697172480
3/1/2021 8:00,45222,49674,49973,45043,3755962368
3/2/2021 8:00,49680,48509,50495,47091,2434444288
3/3/2021 8:00,48494,50369,52705,48173,2864900096
3/4/2021 8:00,50373,48374,51834,47452,3612730112
3/5/2021 8:00,48376,48803,49500,46237,3793210112
3/6/2021 8:00,48796,48922,49254,47061,1896995712
3/7/2021 8:00,48934,51055,51563,48934,2075858944
3/8/2021 8:00,51045,52512,52531,49350,2929891584
3/9/2021 8:00,52503,54982,55003,51902,2541407744
3/10/2021 8:00,54969,55992,57500,53100,3959163904
3/11/2021 8:00,55965,57905,58335,54307,4522775040
3/12/2021 8:00,57901,57312,58215,55000,3708005120
3/13/2021 8:00,57294,61312,61925,56099,3736600832
3/14/2021 8:00,61325,59016,61790,59003,2748625920
3/15/2021 8:00,59004,55639,60743,54764,5244914176
3/16/2021 8:00,55618,56989,57012,53267,3401374720
3/17/2021 8:00,56993,59028,59151,54130,4198638848
3/18/2021 8:00,59089,57640,60200,57005,3371714048
3/19/2021 8:00,57650,58075,59570,56244,2815920128
3/20/2021 8:00,58058,58162,59999,57852,2399950592
3/21/2021 8:00,58118,57427,58630,55490,2831153920
3/22/2021 8:00,57428,54094,58500,53660,3736741888
3/23/2021 8:00,54083,54385,55888,52948,3100587264
3/24/2021 8:00,54380,52245,57258,51600,4046853120
3/25/2021 8:00,52251,51314,53227,50446,4688486912
3/26/2021 8:00,51303,55082,55122,51243,2839993088
3/27/2021 8:00,55050,55918,56790,54050,2077758720
3/28/2021 8:00,55877,55845,56639,54745,1663997312
3/29/2021 8:00,55853,57786,58598,54980,2707228160
3/30/2021 8:00,57762,58914,59593,57150,2285479168
3/31/2021 8:00,58908,58903,60029,56927,3292106496
4/1/2021 8:00,58900,58838,59659,58000,2236795648
4/2/2021 8:00,58853,59101,60445,58550,2318305280
4/3/2021 8:00,59091,57192,59996,56934,2263823616
4/4/2021 8:00,57179,58286,58598,56505,1817312384
4/5/2021 8:00,58285,59329,59419,56806,1918096256
4/6/2021 8:00,59336,58116,59689,57501,2182895616
4/7/2021 8:00,58115,56010,58760,55490,3701709568
4/8/2021 8:00,56007,58155,58220,55712,1945613440
4/9/2021 8:00,58156,58148,58977,57670,1768664832
4/10/2021 8:00,58160,59842,61750,57900,3155577344
4/11/2021 8:00,59874,60108,60811,59266,2048956800
4/12/2021 8:00,60105,59880,61565,59450,2842706176
4/13/2021 8:00,59851,63707,63900,59822,4098515968
4/14/2021 8:00,63707,63017,65163,61100,5303534592
4/15/2021 8:00,63017,63300,64000,62097,2767276288
4/16/2021 8:00,63347,61456,63635,60041,3858091520
4/17/2021 8:00,61474,60119,62600,59630,2820524288
4/18/2021 8:00,60117,56280,60444,50041,8469492736
4/19/2021 8:00,56264,55727,57649,54229,3166961664
4/20/2021 8:00,55724,56523,57270,53353,5207936512
4/21/2021 8:00,56505,53815,56819,53641,3356215040
4/22/2021 8:00,53824,51703,55532,50486,5174313472
4/23/2021 8:00,51687,51130,52108,47500,4897315840
4/24/2021 8:00,51130,50126,51177,48733,2615589120
4/25/2021 8:00,50140,49098,50630,47000,2456182528
4/26/2021 8:00,49100,54058,54478,48800,3999058432
4/27/2021 8:00,54045,55092,55579,53310,2402627072
4/28/2021 8:00,55087,54891,56600,53940,2520177664
4/29/2021 8:00,54905,53595,55250,52369,2383473152
4/30/2021 8:00,53600,57776,58006,53078,2642027776
5/1/2021 8:00,57777,57916,58609,57106,1850555904
5/2/2021 8:00,57917,56652,58027,56102,1559868800
5/3/2021 8:00,56645,57211,59074,56503,2603035136
5/4/2021 8:00,57235,53233,57256,53045,4386444800
5/5/2021 8:00,53215,57563,58000,52942,3977170688
5/6/2021 8:00,57564,56441,58499,55265,2929390592
5/7/2021 8:00,56447,57428,58835,55279,2747301632
5/8/2021 8:00,57427,59023,59677,57017,2880449536
5/9/2021 8:00,59016,58344,59387,56292,2239286016
5/10/2021 8:00,58352,55922,59751,53617,5233462784
5/11/2021 8:00,55912,56772,56960,54556,3240670208
5/12/2021 8:00,56765,49481,58083,48350,5876163584
5/13/2021 8:00,49425,49713,51347,46313,7837274624
5/14/2021 8:00,49713,49884,51590,48900,3359912448
5/15/2021 8:00,49873,46780,50724,46539,3494309376
5/16/2021 8:00,46751,46457,49927,43858,5392998400
5/17/2021 8:00,46444,43599,46654,42124,7560359424
5/18/2021 8:00,43622,42916,45851,42300,6025086976
5/19/2021 8:00,42924,36743,43649,29100,13131273216
5/20/2021 8:00,36789,40585,42500,34985,5087656448
5/21/2021 8:00,40566,37309,42385,33484,5952635904
5/22/2021 8:00,37311,37482,38900,35250,2876781056
5/23/2021 8:00,37508,34695,38312,31128,4998292480
5/24/2021 8:00,34752,38853,39966,34451,4094010368
5/25/2021 8:00,38849,38377,39865,36489,2902527232
5/26/2021 8:00,38378,39275,40920,37839,4497650688
5/27/2021 8:00,39267,38555,40489,37168,2659689984
5/28/2021 8:00,38568,35670,38919,34724,5422358528
5/29/2021 8:00,35680,34626,37471,33680,3193396480
5/30/2021 8:00,34644,35682,36541,33400,1720749440
5/31/2021 8:00,35671,37274,37545,34178,3513177600
6/1/2021 8:00,37282,36700,37934,35604,2448316672
6/2/2021 8:00,36699,37581,38222,35900,1895163392
6/3/2021 8:00,37579,39256,39481,37170,1754502528
6/4/2021 8:00,39262,36847,39298,35554,3073529600
6/5/2021 8:00,36857,35527,37912,34772,2627538688
6/6/2021 8:00,35526,35815,36587,35197,1623243392
6/7/2021 8:00,35815,33560,36835,33225,2607641856
6/8/2021 8:00,33548,33407,34051,30982,3798357760
6/9/2021 8:00,33413,37391,37543,32414,5582337536
6/10/2021 8:00,37416,36711,38450,35821,3331542272
6/11/2021 8:00,36716,37354,37682,35929,3247825920
6/12/2021 8:00,37345,35562,37475,34592,2430956544
6/13/2021 8:00,35553,39040,39405,34750,3170857984
6/14/2021 8:00,39037,40538,41067,38760,4581303808
6/15/2021 8:00,40535,40162,41322,39500,3347671296
6/16/2021 8:00,40156,38340,40501,38100,3428880128
6/17/2021 8:00,38340,38072,39582,37350,3556555776
6/18/2021 8:00,38072,35805,38190,35136,3371527424
6/19/2021 8:00,35801,35484,36444,34759,3009289984
6/20/2021 8:00,35484,35592,36145,33290,3394867712
6/21/2021 8:00,35591,31619,35726,31255,5255372288
6/22/2021 8:00,31608,32525,33463,28796,5234945536
6/23/2021 8:00,32535,33680,34800,31730,4490383360
6/24/2021 8:00,33685,34652,35350,32318,3031555584
6/25/2021 8:00,34652,31568,35500,31260,4349637120
6/26/2021 8:00,31569,32278,32700,30101,3835438848
6/27/2021 8:00,32281,34701,34755,31984,3484222720
6/28/2021 8:00,34711,34498,35356,33873,3378064384
6/29/2021 8:00,34498,35938,36612,34225,4143032320
6/30/2021 8:00,35931,35049,36107,34034,3124584704
7/1/2021 8:00,35053,33503,35062,32688,3430260992
7/2/2021 8:00,33499,33782,33966,32680,2663863808
7/3/2021 8:00,33788,34680,34950,33313,1945627392
7/4/2021 8:00,34680,35291,35968,34364,1434568064
7/5/2021 8:00,35291,33692,35291,33083,2626321920
7/6/2021 8:00,33702,34222,35100,33480,2493678848
7/7/2021 8:00,34221,33863,35100,33777,1946797312
7/8/2021 8:00,33863,32867,33930,32054,3117043456
7/9/2021 8:00,32864,33816,34100,32262,1900384512
7/10/2021 8:00,33819,33521,34250,33000,1615666176
7/11/2021 8:00,33522,34264,34600,33320,1367275520
7/12/2021 8:00,34280,33086,34685,32657,2268496128
7/13/2021 8:00,33070,32719,33349,32187,2013909760
7/14/2021 8:00,32724,32808,33139,31575,1895081216
7/15/2021 8:00,32808,31862,33187,31150,2101938688
7/16/2021 8:00,31871,31391,32257,31027,2359928064
7/17/2021 8:00,31374,31507,31950,31156,1575316608
7/18/2021 8:00,31513,31777,32444,31062,1595946112
7/19/2021 8:00,31788,30836,31900,30404,2594464256
7/20/2021 8:00,30837,29782,31050,29254,2330097408
7/21/2021 8:00,29792,32111,32981,29490,5066311680
7/22/2021 8:00,32130,32293,32600,31718,2013713920
7/23/2021 8:00,32293,33672,33680,31978,2150350336
7/24/2021 8:00,33677,34289,34522,33431,1698590080
7/25/2021 8:00,34289,35430,35454,33887,1848066432
7/26/2021 8:00,35437,37266,40600,35255,6196656640
7/27/2021 8:00,37255,39491,39570,36410,3418106880
7/28/2021 8:00,39508,40041,40969,38798,4580469760
7/29/2021 8:00,40040,40063,40699,39190,3049270272
7/30/2021 8:00,40063,42247,42350,38352,3212814080
7/31/2021 8:00,42243,41517,42455,41050,2595117056
8/1/2021 8:00,41517,39827,42624,39394,3483102208
8/2/2021 8:00,39855,39156,40444,38650,3514718720
8/3/2021 8:00,39156,38192,39773,37480,3718202880
8/4/2021 8:00,38192,39741,39986,37472,2189614080
8/5/2021 8:00,39731,40900,41390,37267,4285772288
8/6/2021 8:00,40900,42863,43400,39887,4425044992
8/7/2021 8:00,42856,44651,44784,42444,3834945792
8/8/2021 8:00,44651,43831,45400,43313,4296584192
8/9/2021 8:00,43830,46308,46531,42748,5285446656
8/10/2021 8:00,46300,45610,46790,44670,3311504128
8/11/2021 8:00,45613,45562,46777,45349,3059290624
8/12/2021 8:00,45530,44426,46250,43698,3675676416
8/13/2021 8:00,44427,47857,47975,44245,2612621568
8/14/2021 8:00,47864,47133,48310,45982,2368207104
8/15/2021 8:00,47137,47031,47435,45500,2552339200
8/16/2021 8:00,47038,45951,48105,45686,3040324352
8/17/2021 8:00,45939,44677,47194,44297,4249741312
8/18/2021 8:00,44680,44722,46074,44224,3064588032
8/19/2021 8:00,44732,46789,47113,43808,3737352448
8/20/2021 8:00,46784,49367,49500,46648,3207827200
8/21/2021 8:00,49386,48854,49875,48264,2990827520
8/22/2021 8:00,48843,49309,49562,48091,2721353728
8/23/2021 8:00,49298,49513,50594,49063,3557876992
8/24/2021 8:00,49499,47686,49892,47590,4080879104
8/25/2021 8:00,47686,49011,49303,47132,3569652736
8/26/2021 8:00,49006,46850,49378,46260,4559623168
8/27/2021 8:00,46859,49101,49200,46254,3389685760
8/28/2021 8:00,49111,48953,49344,48346,2081884800
8/29/2021 8:00,48976,48811,49724,47752,2862302720
8/30/2021 8:00,48805,46995,48928,46791,3625677056
8/31/2021 8:00,46982,47147,48300,46704,3339423488
9/1/2021 8:00,47147,48879,49145,46533,3602778112
9/2/2021 8:00,48878,49300,50467,48650,4317949440
9/3/2021 8:00,49300,50042,51133,48338,4952401920
9/4/2021 8:00,50041,49958,50605,49371,2820316672
9/5/2021 8:00,49975,51873,51999,49448,3403571712
9/6/2021 8:00,51874,52746,52880,51036,4386025984
9/7/2021 8:00,52747,46871,53000,42700,8641495040
9/8/2021 8:00,46886,46065,47371,44432,4372905472
9/9/2021 8:00,46049,46406,47388,45480,3042815744
9/10/2021 8:00,46408,44845,47044,44100,3231803136
9/11/2021 8:00,44838,45184,46010,44720,1723486080
9/12/2021 8:00,45185,46034,46538,44735,1939885056
9/13/2021 8:00,46050,44977,46939,43310,5106314240
9/14/2021 8:00,44985,47137,47270,44674,2748599552
9/15/2021 8:00,47114,48137,48474,46691,2822652416
9/16/2021 8:00,48130,47761,48560,47024,3084951296
9/17/2021 8:00,47762,47314,48180,46744,2743401472
9/18/2021 8:00,47329,48303,48860,47047,2209274880
9/19/2021 8:00,48304,47272,48379,46834,2154011648
9/20/2021 8:00,47280,43013,47357,42416,6174214144
9/21/2021 8:00,43008,40690,43666,39487,6659015680
9/22/2021 8:00,40711,43555,44039,40546,3800495616
9/23/2021 8:00,43555,44882,44999,43083,3293373184
9/24/2021 8:00,44876,42840,45236,40669,5653863936
9/25/2021 8:00,42840,42690,42999,41555,1960103552
9/26/2021 8:00,42684,43179,43972,40770,2698230016
9/27/2021 8:00,43171,42142,44387,42030,2611729152
9/28/2021 8:00,42150,41009,42782,40794,3080195328
9/29/2021 8:00,40998,41512,42599,40713,2379755264
9/30/2021 8:00,41512,43831,44188,41397,3495703552
10/1/2021 8:00,43832,48179,48530,43253,4756344832
10/2/2021 8:00,48190,47677,48522,47465,1786565632
10/3/2021 8:00,47676,48238,49331,47092,1982992768
10/4/2021 8:00,48231,49250,49568,46897,3283301888
10/5/2021 8:00,49259,51502,51950,49053,3605377792
10/6/2021 8:00,51509,55347,55837,50402,5701201408
10/7/2021 8:00,55350,53819,55359,53397,4096541184
10/8/2021 8:00,53824,53979,56233,53640,3783414784
10/9/2021 8:00,53984,54976,55558,53674,1963862528
10/10/2021 8:00,54972,54718,56594,54059,3832836864
10/11/2021 8:00,54705,57515,57864,54469,4333434880
10/12/2021 8:00,57504,56026,57723,53969,4991905792
10/13/2021 8:00,56007,57403,57829,54255,4941537280
10/14/2021 8:00,57400,57382,58587,56629,3944801792
10/15/2021 8:00,57383,61710,63500,56889,8226268672
10/16/2021 8:00,61716,60923,62400,60125,3200901888
10/17/2021 8:00,60920,61565,61780,59000,3637247488
10/18/2021 8:00,61587,62050,62780,59865,5983045120
10/19/2021 8:00,62050,64320,64539,61293,5754764288
10/20/2021 8:00,64323,66075,67162,63530,5487222272
10/21/2021 8:00,66064,62255,66757,61999,8256900096
10/22/2021 8:00,62244,60701,63788,60000,6377643008
10/23/2021 8:00,60700,61325,61772,59600,3108234240
10/24/2021 8:00,61325,60880,61528,59470,3890437120
10/25/2021 8:00,60881,63102,63776,60649,3860700416
10/26/2021 8:00,63103,60280,63318,59785,4441465344
10/27/2021 8:00,60298,58467,61545,58100,5686778368
10/28/2021 8:00,58481,60642,62500,57403,5727209984
10/29/2021 8:00,60624,62285,63033,60169,4222272512
10/30/2021 8:00,62294,61936,62400,60700,2565354752
10/31/2021 8:00,61938,61368,62460,60016,2976840704
11/1/2021 8:00,61364,60962,62566,59422,5157949440
11/2/2021 8:00,60963,63332,64400,60685,4329950720
11/3/2021 8:00,63347,62971,63620,60521,3845328896
11/4/2021 8:00,62975,61467,63185,60711,3296497152
11/5/2021 8:00,61465,61053,62669,60799,2903767296
11/6/2021 8:00,61036,61539,61644,60100,2409676032
11/7/2021 8:00,61540,63371,63400,61394,2494887168
11/8/2021 8:00,63371,67657,68000,63371,6024855552
11/9/2021 8:00,67663,67010,68778,66300,4649075200
11/10/2021 8:00,67012,64931,69190,62642,7348902912
11/11/2021 8:00,64876,64835,65648,64138,3673082368
11/12/2021 8:00,64813,64167,65514,62250,5798129152
11/13/2021 8:00,64167,64392,65099,63400,2787807744
11/14/2021 8:00,64393,65571,65572,63593,3297903360
11/15/2021 8:00,65599,63609,66400,63333,4581188096
11/16/2021 8:00,63609,60102,63630,58619,9883247616
11/17/2021 8:00,60103,60381,60854,58233,6090589184
11/18/2021 8:00,60365,56937,61000,56502,10087648256
11/19/2021 8:00,56924,58095,58355,55621,5248237568
11/20/2021 8:00,58100,59738,59887,57413,2962161408
11/21/2021 8:00,59756,58658,60069,58534,2829256960
11/22/2021 8:00,58687,56260,59608,55608,7943612928
11/23/2021 8:00,56251,57560,57900,55275,5739184128
11/24/2021 8:00,57567,57166,57770,55903,4321198592
11/25/2021 8:00,57166,58980,59467,57050,3290426368
11/26/2021 8:00,59008,53777,59205,53521,6635904000
11/27/2021 8:00,53787,54763,55303,53643,2695225088
11/28/2021 8:00,54755,57342,57492,53300,3858643968
11/29/2021 8:00,57360,57833,58933,56681,4272401152
11/30/2021 8:00,57833,56997,59269,55901,5956633600
12/1/2021 8:00,57026,57218,59120,56477,4200812288
12/2/2021 8:00,57218,56521,57450,55803,4107154176
12/3/2021 8:00,56522,53647,57721,51596,5630958080
12/4/2021 8:00,53676,49242,53882,41762,9240404992
12/5/2021 8:00,49236,49421,49779,47777,4540199424
12/6/2021 8:00,49438,50516,50975,47149,6856614400
12/7/2021 8:00,50515,50648,51993,50038,3666140672
12/8/2021 8:00,50649,50520,51300,48640,3587438592
12/9/2021 8:00,50525,47574,50874,47319,4058010624
12/10/2021 8:00,47567,47170,50235,46881,4655443456
12/11/2021 8:00,47165,49425,49555,46773,2930964992
12/12/2021 8:00,49431,50101,50835,48682,2338603264
12/13/2021 8:00,50098,46716,50233,45678,4822875136
12/14/2021 8:00,46715,48380,48704,46279,3613538560
12/15/2021 8:00,48367,48899,49527,46569,4609542144
12/16/2021 8:00,48900,47638,49483,47530,2596652800
12/17/2021 8:00,47638,46144,48020,45401,4063539968
12/18/2021 8:00,46149,46843,47382,45500,2039113344
12/19/2021 8:00,46849,46677,48405,46431,2885206528
12/20/2021 8:00,46678,46917,47565,45550,3433607424
12/21/2021 8:00,46920,48919,49363,46666,3057166592
12/22/2021 8:00,48916,48605,49599,48460,2394779392
12/23/2021 8:00,48605,50845,51418,48064,3588974336
12/24/2021 8:00,50865,50842,51860,50443,2557765120
12/25/2021 8:00,50853,50423,51229,50150,1665793024
12/26/2021 8:00,50429,50817,51330,49458,2348095744
12/27/2021 8:00,50826,50738,52150,50476,3100106752
12/28/2021 8:00,50738,47563,50739,47300,4787244032
12/29/2021 8:00,47565,46472,48158,45875,3916918528
12/30/2021 8:00,46466,47148,47915,45902,2994518272
12/31/2021 8:00,47148,46220,48584,45666,3875444480
1/1/2022 8:00,46224,47757,47987,46198,1982938368
1/2/2022 8:00,47750,47319,48080,46650,1909136256
1/3/2022 8:00,47318,46442,47609,45700,2637550080
1/4/2022 8:00,46442,45843,47550,45471,4102518272
1/5/2022 8:00,45842,43429,47090,42500,5991575552
1/6/2022 8:00,43439,43096,43789,42401,3236679424
1/7/2022 8:00,43096,41572,43150,40655,5724219392
1/8/2022 8:00,41580,41691,42322,40550,3060664320
1/9/2022 8:00,41690,41879,42808,41195,2380060672
1/10/2022 8:00,41862,41826,42245,39628,5220782592
1/11/2022 8:00,41866,42729,43156,41270,3747571456
1/12/2022 8:00,42735,43912,44346,42461,2990803456
1/13/2022 8:00,43912,42589,44439,42311,3025936640
1/14/2022 8:00,42573,43081,43481,41700,2859992576
1/15/2022 8:00,43081,43091,43825,42578,1629215488
1/16/2022 8:00,43083,43096,43503,42594,1926791808
1/17/2022 8:00,43096,42217,43200,41573,2718530816
1/18/2022 8:00,42217,42371,42719,41297,3206141184
1/19/2022 8:00,42370,41684,42597,41150,4197809152
1/20/2022 8:00,41691,40689,43527,40550,4290747648
1/21/2022 8:00,40666,36461,41100,35399,8875059200
1/22/2022 8:00,36442,35063,36830,33979,6261578240
1/23/2022 8:00,35072,36276,36617,34601,4255291392
1/24/2022 8:00,36271,36688,37596,32837,8045914112
1/25/2022 8:00,36673,36980,37600,35719,3999360256
1/26/2022 8:00,36969,36827,38911,36275,6144520704
1/27/2022 8:00,36829,37198,37270,35524,4614134272
1/28/2022 8:00,37191,37728,38037,36183,3455011072
1/29/2022 8:00,37727,38197,38800,37318,2226114816
1/30/2022 8:00,38194,37918,38350,37356,1578589312
1/31/2022 8:00,37908,38485,38781,36666,3211707392
2/1/2022 8:00,38485,38723,39332,38006,3790262528
2/2/2022 8:00,38713,36907,38895,36398,3183259648
2/3/2022 8:00,36924,37332,37400,36242,2503908352
2/4/2022 8:00,37322,41588,41766,37050,5212775936
2/5/2022 8:00,41596,41403,41976,40972,2316353536
2/6/2022 8:00,41404,42406,42724,41134,2122235008
2/7/2022 8:00,42418,43863,44613,41655,4492368384
2/8/2022 8:00,43876,44097,45539,42677,5592325120
2/9/2022 8:00,44103,44418,44868,43154,3566453248
2/10/2022 8:00,44419,43514,45956,43220,6808058880
2/11/2022 8:00,43515,42408,43982,41991,4786266112
2/12/2022 8:00,42399,42244,43039,41603,2527717888
2/13/2022 8:00,42243,42082,42795,41888,1943381248
2/14/2022 8:00,42079,42565,42870,41567,3534761984
2/15/2022 8:00,42572,44594,44809,42445,3563496448
2/16/2022 8:00,44594,43907,44605,43340,3210840576
2/17/2022 8:00,43908,40531,44193,40075,4962841088
2/18/2022 8:00,40535,40015,40985,39433,3867428608
2/19/2022 8:00,40015,40102,40476,39652,1496888960
2/20/2022 8:00,40105,38387,40142,37970,3065298944
2/21/2022 8:00,38385,37027,39500,36797,6416338944
2/22/2022 8:00,37037,38250,38446,36359,4256408832
2/23/2022 8:00,38257,37271,39260,37024,4293028096
2/24/2022 8:00,37272,38349,39986,34337,9617783808
2/25/2022 8:00,38350,39237,39761,38038,4426516992
2/26/2022 8:00,39244,39133,40377,38603,2131872128
2/27/2022 8:00,39133,37707,39860,36967,3931719424
2/28/2022 8:00,37702,43194,44269,37443,6461872128
3/1/2022 8:00,43189,44447,44998,42878,4523874304
3/2/2022 8:00,44457,43932,45412,43360,4490494976
3/3/2022 8:00,43934,42464,44103,41730,3890375168
3/4/2022 8:00,42464,39149,42531,38561,5320649728
3/5/2022 8:00,39149,39396,39600,38564,1544073088
3/6/2022 8:00,39396,38419,39720,38083,2521593344
3/7/2022 8:00,38420,38002,39561,37154,4443632128
3/8/2022 8:00,37987,38731,39376,37870,4207727616
3/9/2022 8:00,38734,41968,42651,38657,4938142208
3/10/2022 8:00,41960,39430,42076,38543,5281517568
3/11/2022 8:00,39430,38730,40273,38240,4230124800
3/12/2022 8:00,38730,38805,39495,38662,1493118080
3/13/2022 8:00,38798,37771,39328,37570,1976822528
3/14/2022 8:00,37772,39691,39941,37555,3447551232
3/15/2022 8:00,39690,39296,39932,38100,3421362432
3/16/2022 8:00,39296,41146,41743,38805,6161427456
3/17/2022 8:00,41144,40944,41500,40487,2044594560
3/18/2022 8:00,40939,41789,42365,40165,2695393280
3/19/2022 8:00,41789,42240,42444,41535,1467089664
3/20/2022 8:00,42238,41291,42316,40935,1858587264
3/21/2022 8:00,41290,41011,41608,40490,2524688384
3/22/2022 8:00,41008,42374,43400,40875,4113565696
3/23/2022 8:00,42373,42908,43055,41758,3539437824
3/24/2022 8:00,42908,44021,44281,42601,4180000000
3/25/2022 8:00,44022,44337,45142,43613,3800080896
3/26/2022 8:00,44337,44540,44830,44074,1350970112
3/27/2022 8:00,44541,46852,46978,44461,3019900672
3/28/2022 8:00,46851,47159,48238,46677,3856401152
3/29/2022 8:00,47166,47464,48147,46939,3424362240
3/30/2022 8:00,47462,47077,47740,46549,3354476544
3/31/2022 8:00,47077,45524,47646,45202,3821291520
4/1/2022 8:00,45524,46298,46736,44222,4854760960
4/2/2022 8:00,46294,45821,47234,45612,2582772224
4/3/2022 8:00,45821,46425,47499,45550,2264093440
4/4/2022 8:00,46425,46613,46920,45125,3072890880
4/5/2022 8:00,46612,45498,47224,45330,3212534528
4/6/2022 8:00,45506,43174,45515,43116,4345412608
4/7/2022 8:00,43166,43443,43902,42714,2619970816
4/8/2022 8:00,43420,42258,43981,42101,3316097280
4/9/2022 8:00,42258,42754,42800,42117,975294592
4/10/2022 8:00,42760,42156,43419,41868,1572244480
4/11/2022 8:00,42165,39521,42418,39141,4391655936
4/12/2022 8:00,39521,40063,40746,39233,3494120960
4/13/2022 8:00,40063,41148,41555,39577,2967268864
4/14/2022 8:00,41148,39943,41486,39548,2183550464
4/15/2022 8:00,39943,40549,40888,39755,1740489600
4/16/2022 8:00,40555,40385,40724,40000,991096320
4/17/2022 8:00,40385,39669,40604,39540,1553585280
4/18/2022 8:00,39668,40812,41152,38524,3761636096
4/19/2022 8:00,40812,41499,41820,40573,2048840064
4/20/2022 8:00,41499,41371,42208,40808,2905725184
4/21/2022 8:00,41359,40478,42988,39716,4749384704
4/22/2022 8:00,40478,39693,40788,39152,3202858240
4/23/2022 8:00,39693,39445,39971,39284,1265075584
4/24/2022 8:00,39445,39453,39948,38925,1769586560
4/25/2022 8:00,39453,40446,40627,38151,4728189952
4/26/2022 8:00,40453,38103,40813,37677,4671438336
4/27/2022 8:00,38116,39233,39500,37854,3781395968
4/28/2022 8:00,39233,39754,40400,38880,3779699712
4/29/2022 8:00,39754,38589,39935,38161,2827659776
4/30/2022 8:00,38590,37628,38791,37573,1383307392
5/1/2022 8:00,37617,38474,38682,37380,2146854272
5/2/2022 8:00,38470,38534,39200,38043,3522567680
5/3/2022 8:00,38531,37724,38657,37501,2640274944
5/4/2022 8:00,37724,39701,40044,37660,4629707264
5/5/2022 8:00,39703,36531,39870,35532,5494172672
5/6/2022 8:00,36531,35999,36664,35237,3909139712
5/7/2022 8:00,35999,35458,36127,34750,1685443328
5/8/2022 8:00,35461,34036,35496,33651,3662693376
5/9/2022 8:00,34043,30076,34241,30012,8906997760
5/10/2022 8:00,30111,31018,32671,29720,6150429696
5/11/2022 8:00,31015,29013,32200,27689,8770138112
5/12/2022 8:00,29048,28958,30190,25333,7163941888
5/13/2022 8:00,28960,29242,31002,28670,3646241536
5/14/2022 8:00,29242,30057,30321,28575,2207127296
5/15/2022 8:00,30056,31305,31491,29415,2175153664
5/16/2022 8:00,31305,29849,31309,29040,3464032512
5/17/2022 8:00,29850,30420,30759,29411,2629675520
5/18/2022 8:00,30421,28675,30697,28611,2852574208
5/19/2022 8:00,28662,30299,30600,28648,3106646272
5/20/2022 8:00,30299,29171,30757,28680,3337889024
5/21/2022 8:00,29172,29416,29627,28922,1151491072
5/22/2022 8:00,29408,30274,30478,29206,1907264256
5/23/2022 8:00,30274,29070,30659,28820,3462937088
5/24/2022 8:00,29069,29632,29845,28630,2692024064
5/25/2022 8:00,29631,29517,30215,29314,2800172288
5/26/2022 8:00,29513,29202,29872,27956,4418141696
5/27/2022 8:00,29174,28600,29372,28250,4003768320
5/28/2022 8:00,28600,29005,29255,28485,1437371904
5/29/2022 8:00,29005,29445,29582,28814,1371545216
5/30/2022 8:00,29445,31730,32222,29288,3837949696
5/31/2022 8:00,31730,31782,32400,31220,2593188096
6/1/2022 8:00,31786,29782,31970,29291,4410459648
6/2/2022 8:00,29786,30429,30700,29565,2574065408
6/3/2022 8:00,30434,29672,30683,29241,2435888896
6/4/2022 8:00,29672,29848,29966,29450,974362176
6/5/2022 8:00,29848,29901,30170,29508,1207549440
6/6/2022 8:00,29903,31359,31749,29866,3261100032
6/7/2022 8:00,31359,31113,31588,29163,5546867200
6/8/2022 8:00,31118,30182,31317,29800,3655150592
6/9/2022 8:00,30186,30081,30692,29915,2066583296
6/10/2022 8:00,30082,29056,30450,28796,3234425088
6/11/2022 8:00,29056,28387,29425,28065,2335282432
6/12/2022 8:00,28403,26536,28518,26516,3396815616
6/13/2022 8:00,26532,22440,26882,21870,10834648064
6/14/2022 8:00,22439,22078,23444,20787,8553205760
6/15/2022 8:00,22094,22552,22790,20041,8813175808
6/16/2022 8:00,22540,20355,22960,20188,4345880576
6/17/2022 8:00,20358,20435,21333,20202,3121447424
6/18/2022 8:00,20435,18944,20750,17578,4915980288
6/19/2022 8:00,18941,20544,20800,17924,4663178240
6/20/2022 8:00,20539,20557,21068,19612,4271118080
6/21/2022 8:00,20556,20699,21705,20324,3799808512
6/22/2022 8:00,20685,19971,20877,19696,3897360128
6/23/2022 8:00,19971,21090,21221,19859,3076965120
6/24/2022 8:00,21086,21223,21530,20720,3052554752
6/25/2022 8:00,21226,21482,21602,20900,1628264064
6/26/2022 8:00,21474,21025,21888,20942,1775208064
6/27/2022 8:00,21022,20722,21549,20482,2143714304
6/28/2022 8:00,20716,20253,21194,20170,2351334400
6/29/2022 8:00,20251,20090,20427,19820,2465571584
6/30/2022 8:00,20091,19935,20143,18600,3508899072
7/1/2022 8:00,19930,19251,20907,18932,3464042496
7/2/2022 8:00,19257,19224,19432,18960,1174193792
7/3/2022 8:00,19224,19296,19628,18762,1509793792
7/4/2022 8:00,19306,20216,20348,19032,2172794624
7/5/2022 8:00,20211,20163,20732,19278,3085011968
7/6/2022 8:00,20164,20547,20658,19750,2452666368
7/7/2022 8:00,20545,21619,21854,20240,3034445312
7/8/2022 8:00,21627,21590,22574,21173,3699780864
7/9/2022 8:00,21583,21576,21971,21306,1911073024
7/10/2022 8:00,21577,20844,21583,20644,1734494848
7/11/2022 8:00,20848,19945,20848,19862,2182665472
7/12/2022 8:00,19943,19309,20041,19218,2738366976
7/13/2022 8:00,19309,20225,20342,18889,4049992960
7/14/2022 8:00,20222,20575,20888,19616,3357683968
7/15/2022 8:00,20571,20829,21200,20367,2383466496
7/16/2022 8:00,20826,21192,21580,20470,2036030720
7/17/2022 8:00,21187,20796,21666,20750,1773974656
7/18/2022 8:00,20796,22442,22785,20750,4914500096
7/19/2022 8:00,22440,21859,22984,21574,1732971136
